{
  "ticker": "TOUR",
  "eta": 0.00019862175654477332,
  "gamma": 0.3908267495012037,
  "r_squared": 0.16807276858570908,
  "n_samples": 944,
  "X0": 50060,
  "T": 390,
  "lam": 1e-06,
  "sigma": 0.05518367134674162,
  "avg_volume": 500601.3013013013,
  "std_volume": 2730685.750511105,
  "avg_price": 1.0342625445193119,
  "ratio": 33.848764470267206,
  "S0": 0.8600000143051147,
  "S0_date": "2025-10-27"
}