{
  "ticker": "BABB",
  "eta": 0.028990125672352283,
  "gamma": -0.007662306571937551,
  "r_squared": 0.0003096588745713502,
  "n_samples": 582,
  "X0": 612,
  "T": 390,
  "lam": 1e-06,
  "sigma": 0.03366470406850921,
  "avg_volume": 6126.726726726727,
  "std_volume": 10828.935686048817,
  "avg_price": 0.7171307977016743,
  "ratio": 0.00014846725505115798
}